account_id,seats,is_trial,total_subscriptions,active_subscriptions,avg_subscription_duration_days,avg_sub_seats,max_sub_seats,avg_mrr_amount,max_mrr_amount,avg_arr_amount,total_arr_amount,trial_subscription_count,auto_renew_count,upgrade_count,downgrade_count,recent_upgrade_90d,recent_downgrade_90d,ended_subscriptions_count,max_subscription_duration_days,active_subscription_ratio,auto_renew_ratio,latest_auto_renew_flag,latest_is_trial,days_since_last_subscription_change,total_usage_count,total_usage_duration_secs,total_error_count,unique_feature_count,beta_feature_usage_count,days_since_last_usage,total_tickets,avg_resolution_time_hours,avg_first_response_time_minutes,avg_satisfaction_score,escalation_count,escalation_ratio,account_age_days,avg_resolution_time_hours_missing_flag,avg_first_response_time_minutes_missing_flag,avg_satisfaction_score_missing_flag,is_inactive_user,has_no_ticket_history,usage_per_subscription,ticket_per_subscription,error_per_subscription,error_rate,health_score,industry_Cybersecurity,industry_DevTools,industry_EdTech,industry_FinTech,industry_HealthTech,country_AU,country_CA,country_DE,country_FR,country_IN,country_UK,country_US,referral_source_ads,referral_source_event,referral_source_organic,referral_source_other,referral_source_partner,plan_tier_Basic,plan_tier_Enterprise,plan_tier_Pro,latest_plan_tier_Basic,latest_plan_tier_Enterprise,latest_plan_tier_Pro,latest_billing_frequency_annual,latest_billing_frequency_monthly
A-a865bd,38,0,5,5,237.6,47.6,68,4204.4,7562,50452.8,252264,0,3,0,0,0,0,0,349,1.0,0.6,0,0,103,230,60120,13,19,3,13,2.0,31.5,21.5,3.0,0.0,0.0,469,0,0,0,0,0,46.0,0.4,2.6,0.0565217391304347,8.80554128842361,True,False,False,False,False,False,False,False,False,False,False,True,False,False,True,False,False,False,False,True,False,False,True,False,True
A-0b0d6d,3,0,13,11,0.3846153846153846,20.692307692307693,52,2576.230769230769,10348,30914.76923076923,401892,0,13,1,0,1,0,2,1,0.8461538461538461,1.0,1,0,0,582,162411,48,32,9,5,5.0,31.4,90.4,4.0,1.0,0.2,1,0,0,0,0,0,44.76923076923077,0.3846153846153846,3.692307692307693,0.0824742268041237,10.256169767642508,False,True,False,False,False,False,False,False,False,False,False,True,False,False,True,False,False,False,False,True,False,False,True,True,False
A-4f18f0,24,1,12,9,129.58333333333334,27.083333333333332,59,2522.0,11741,30264.0,363168,2,9,0,1,0,0,3,250,0.75,0.75,1,0,11,544,168051,25,33,6,9,5.0,39.2,61.4,4.0,0.0,0.0,254,0,0,0,0,0,45.333333333333336,0.4166666666666667,2.0833333333333335,0.0459558823529411,10.493200240848031,False,True,False,False,False,False,True,False,False,False,False,False,False,False,False,True,False,False,False,True,True,False,False,False,True
A-3ce5b8,8,0,9,9,217.88888888888889,37.333333333333336,189,1850.0,9261,22200.0,199800,2,9,0,0,0,0,0,382,1.0,1.0,1,1,89,509,147802,29,29,5,16,10.0,42.5,101.8,3.7142857142857144,0.0,0.0,481,0,0,0,0,0,56.55555555555556,1.1111111111111112,3.2222222222222223,0.0569744597249508,10.001529459549422,False,False,False,True,False,False,False,False,False,True,False,False,True,False,False,False,False,True,False,False,False,True,False,True,False
A-9badbd,5,1,13,11,87.46153846153847,34.92307692307692,103,2498.230769230769,11741,29978.76923076923,389724,2,10,0,0,0,0,2,185,0.8461538461538461,0.7692307692307693,1,0,1,729,220382,45,33,8,6,5.0,30.2,102.6,5.0,0.0,0.0,195,0,0,0,0,0,56.07692307692308,0.3846153846153846,3.4615384615384617,0.0617283950617283,10.96460923729611,True,False,False,False,False,False,False,True,False,False,False,False,True,False,False,False,False,False,True,False,False,True,False,False,True
A-66224b,92,1,12,11,28.5,93.58333333333331,111,5765.333333333333,18308,69184.0,830208,4,9,0,0,0,0,1,72,0.9166666666666666,0.75,1,1,1,626,185229,29,34,10,27,6.0,39.833333333333336,82.5,3.5,0.0,0.0,74,0,0,0,0,0,52.166666666666664,0.5,2.4166666666666665,0.0463258785942492,10.514665209151088,False,False,False,False,True,False,False,False,False,False,False,True,False,False,False,True,False,False,False,True,False,True,False,True,False
A-c1dfe1,26,0,8,7,229.375,28.75,41,3223.75,8159,38685.0,309480,0,5,1,2,0,0,1,380,0.875,0.625,0,0,100,375,127687,30,24,4,8,3.0,50.333333333333336,93.66666666666669,4.0,0.0,0.0,512,0,0,0,0,0,46.875,0.375,3.75,0.08,9.654714968258094,False,True,False,False,False,False,False,True,False,False,False,False,True,False,False,False,False,False,False,True,True,False,False,False,True
A-7dacce,12,0,10,10,60.3,21.6,67,2305.7,13333,27668.4,276684,3,7,1,0,1,0,0,112,1.0,0.7,1,1,27,472,145429,29,27,5,2,4.0,32.5,75.25,3.6666666666666665,0.0,0.0,112,0,0,0,0,0,47.2,0.4,2.9,0.0614406779661017,10.000763175503296,True,False,False,False,False,False,True,False,False,False,False,False,False,True,False,False,False,False,True,False,False,False,True,True,False
A-5b4ebb,21,1,13,12,81.53846153846153,28.307692307692307,63,2138.6923076923076,12537,25664.30769230769,333636,1,11,1,0,1,0,1,173,0.9230769230769232,0.8461538461538461,1,0,15,692,196300,25,34,6,6,5.0,35.4,63.0,4.75,0.0,0.0,174,0,0,0,0,0,53.23076923076923,0.3846153846153846,1.9230769230769231,0.0361271676300578,11.00708837637518,True,False,False,False,False,False,False,False,False,False,True,False,False,False,False,True,False,True,False,False,False,False,True,True,False
A-5c046d,93,0,8,8,66.375,93.0,93,10485.75,18507,125829.0,1006632,0,6,0,0,0,0,0,161,1.0,0.75,1,0,11,475,127926,23,27,5,14,1.0,13.0,128.0,3.0,0.0,0.0,178,0,0,0,0,0,59.375,0.125,2.875,0.0484210526315789,9.97426710124873,False,False,True,False,False,False,False,False,True,False,False,False,False,False,False,False,True,True,False,False,False,True,False,True,False
A-6843f2,21,0,9,9,10.88888888888889,21.22222222222222,23,1835.5555555555557,4179,22026.666666666668,198240,1,9,0,1,0,1,0,20,1.0,1.0,1,0,0,481,126424,17,24,3,35,2.0,36.5,78.0,3.0,0.0,0.0,21,0,0,0,0,0,53.44444444444444,0.2222222222222222,1.8888888888888888,0.0353430353430353,9.914549206648068,False,False,False,False,True,False,True,False,False,False,False,False,True,False,False,False,False,False,True,False,False,False,True,True,False
A-7f8241,34,0,15,15,386.8666666666667,35.86666666666667,60,2634.4,7164,31612.8,474192,1,10,2,0,0,0,0,645,1.0,0.6666666666666666,0,0,7,734,227186,38,34,5,10,1.0,36.0,135.0,3.0,0.0,0.0,658,0,0,0,0,0,48.93333333333333,0.0666666666666666,2.533333333333333,0.0517711171662125,10.62969630820452,False,False,True,False,False,False,False,False,False,False,False,True,False,False,True,False,False,False,False,True,False,True,False,False,True
A-3cc791,6,0,8,8,219.0,16.875,36,1065.25,4378,12783.0,102264,2,6,0,0,0,0,0,335,1.0,0.75,1,0,12,447,149032,30,28,5,36,6.0,48.333333333333336,95.83333333333331,4.25,1.0,0.1666666666666666,356,0,0,0,0,0,55.875,0.75,3.75,0.0671140939597315,9.928185259269467,False,False,True,False,False,False,False,False,False,False,False,True,False,False,False,True,False,False,True,False,False,False,True,False,True
A-4c6f11,24,1,5,5,209.4,26.8,35,1517.2,4776,18206.4,91032,0,3,0,1,0,0,0,276,1.0,0.6,1,0,152,268,84855,4,20,1,8,3.0,44.666666666666664,63.0,4.333333333333333,0.0,0.0,400,0,0,0,0,0,53.6,0.6,0.8,0.0149253731343283,9.497940284986957,False,False,False,True,False,False,True,False,False,False,False,False,False,False,True,False,False,False,False,True,True,False,False,False,True
A-9b9fe9,5,0,12,11,205.66666666666663,27.583333333333332,99,1643.75,9950,19725.0,236700,2,10,0,1,0,0,1,442,0.9166666666666666,0.8333333333333334,1,0,33,597,196701,22,30,3,16,4.0,33.5,156.5,4.0,0.0,0.0,460,0,0,0,0,0,49.75,0.3333333333333333,1.8333333333333333,0.0368509212730318,10.559990018737285,False,False,True,False,False,True,False,False,False,False,False,False,False,False,False,True,False,True,False,False,False,True,False,False,True
A-ad64c6,12,0,6,5,150.16666666666666,24.333333333333332,54,2451.3333333333335,5572,29416.0,176496,1,4,0,0,0,0,1,299,0.8333333333333334,0.6666666666666666,1,0,41,215,79605,18,16,2,50,4.0,34.0,98.5,5.0,0.0,0.0,312,0,0,0,0,0,35.833333333333336,0.6666666666666666,3.0,0.0837209302325581,8.873220433910925,False,True,False,False,False,False,False,False,False,False,True,False,False,True,False,False,False,False,False,True,False,True,False,True,False
A-902ef7,83,0,8,8,45.75,83.0,83,5540.25,16517,66483.0,531864,2,8,2,0,1,0,0,117,1.0,1.0,1,0,6,414,145878,24,31,5,71,2.0,48.5,85.0,4.0,0.0,0.0,119,0,0,0,0,0,51.75,0.25,3.0,0.0579710144927536,10.141659350566655,False,False,False,False,True,False,False,False,False,False,False,True,False,False,False,True,False,False,True,False,True,False,False,True,False
A-f1f639,2,0,4,4,375.25,5.25,9,729.75,1791,8757.0,35028,0,4,1,0,0,0,0,547,1.0,1.0,1,0,103,139,43097,10,12,4,11,7.0,20.0,67.57142857142857,4.8,0.0,0.0,674,0,0,0,0,0,34.75,1.75,2.5,0.0719424460431654,7.909379549855013,False,False,True,False,False,False,False,False,False,False,False,True,True,False,False,False,False,True,False,False,False,True,False,False,True
A-310452,9,0,5,5,3.0,17.2,50,2200.6,9950,26407.2,132036,1,4,0,0,0,0,0,5,1.0,0.8,1,0,2,268,65581,16,20,4,36,5.0,34.2,113.6,3.6,0.0,0.0,6,0,0,0,0,0,53.6,1.0,3.2,0.0597014925373134,8.990726354638696,False,True,False,False,False,False,False,False,True,False,False,False,False,False,False,True,False,False,True,False,True,False,False,True,False
A-54ecc2,4,0,11,11,244.36363636363637,13.272727272727272,34,1469.8181818181818,5970,17637.81818181818,194016,1,10,0,1,0,0,0,503,1.0,0.9090909090909092,1,0,62,607,183498,39,28,6,22,5.0,37.4,72.0,5.0,0.0,0.0,569,0,0,0,0,0,55.18181818181818,0.4545454545454545,3.5454545454545454,0.0642504118616145,10.592582289008206,True,False,False,False,False,False,False,False,False,False,False,True,False,False,False,False,True,False,True,False,False,True,False,False,True
A-af0cd2,19,1,11,9,378.0,25.818181818181817,57,587.2727272727273,1083,7047.272727272727,77520,2,9,1,0,0,0,2,719,0.8181818181818182,0.8181818181818182,1,0,87,687,225366,33,31,8,12,3.0,54.333333333333336,149.33333333333334,4.0,0.0,0.0,728,0,0,1,0,0,62.45454545454545,0.2727272727272727,3.0,0.0480349344978165,10.69116825006217,True,False,False,False,False,False,False,False,False,True,False,False,False,False,False,True,False,False,True,False,True,False,False,True,False
A-82861f,41,0,10,7,128.5,42.7,53,4363.3,10547,52359.6,523596,0,8,0,0,0,0,3,227,0.7,0.8,0,0,42,462,130873,43,28,4,25,5.0,24.4,55.0,3.2,0.0,0.0,250,0,0,0,0,0,46.2,0.5,4.3,0.093073593073593,9.714654918704744,False,True,False,False,False,False,False,False,False,False,True,False,False,False,True,False,False,True,False,False,False,True,False,True,False
A-970c97,14,0,8,7,132.625,19.875,29,1922.625,5572,23071.5,184572,0,4,0,1,0,0,1,300,0.875,0.5,1,0,15,444,133732,24,26,2,1,1.0,61.0,139.0,5.0,0.0,0.0,305,0,0,0,0,0,55.5,0.125,3.0,0.054054054054054,10.3423908779003,False,False,False,False,True,False,False,True,False,False,False,False,False,False,False,True,False,False,True,False,False,False,True,True,False
A-158f4e,61,0,12,11,324.3333333333333,61.0,61,3654.9166666666665,12139,43859.0,526308,1,10,0,0,0,0,1,578,0.9166666666666666,0.8333333333333334,1,0,38,453,124458,29,32,3,39,5.0,27.6,126.0,4.333333333333333,0.0,0.0,669,0,0,0,0,0,37.75,0.4166666666666667,2.4166666666666665,0.0640176600441501,10.273683125953749,False,False,False,True,False,False,False,False,False,True,False,False,False,False,False,True,False,False,True,False,False,True,False,False,True
A-139c3b,10,1,8,6,16.125,21.75,41,1128.375,3582,13540.5,108324,1,6,1,0,1,0,2,35,0.75,0.75,1,1,1,478,150601,16,27,7,2,9.0,28.444444444444443,66.11111111111111,4.5,0.0,0.0,40,0,0,0,0,0,59.75,1.125,2.0,0.0334728033472803,10.180291090849718,False,False,False,False,True,False,False,False,False,False,False,True,False,False,True,False,False,False,True,False,True,False,False,True,False
A-313be3,47,1,11,11,172.0909090909091,47.81818181818182,56,1727.8181818181818,9353,20733.81818181818,228072,6,8,1,0,0,0,0,402,1.0,0.7272727272727273,1,0,15,560,164545,40,33,3,12,4.0,22.5,80.25,5.0,1.0,0.25,412,0,0,0,0,0,50.90909090909091,0.3636363636363636,3.636363636363636,0.0714285714285714,10.533029482086908,False,False,True,False,False,False,False,False,False,False,False,True,False,False,False,False,True,False,True,False,False,False,True,False,True
A-b7b7b7,24,0,12,12,95.5,31.25,67,2379.8333333333335,7761,28558.0,342696,2,11,1,0,0,0,0,172,1.0,0.9166666666666666,1,0,2,571,166390,26,31,6,19,3.0,17.0,99.0,5.0,0.0,0.0,184,0,0,0,0,0,47.583333333333336,0.25,2.1666666666666665,0.0455341506129597,10.774704141114729,False,False,False,True,False,False,False,False,False,False,False,True,False,True,False,False,False,True,False,False,False,False,True,True,False
A-22d9d2,8,0,14,11,147.14285714285714,23.142857142857142,92,1339.0,4508,16068.0,224952,1,11,2,1,1,1,3,279,0.7857142857142857,0.7857142857142857,1,0,11,782,239679,43,35,6,11,6.0,16.0,88.0,4.0,1.0,0.1666666666666666,284,0,0,0,0,0,55.857142857142854,0.4285714285714285,3.0714285714285716,0.0549872122762148,10.781239382589646,False,True,False,False,False,False,False,False,True,False,False,False,False,True,False,False,False,False,False,True,False,False,True,False,True
A-854864,20,0,6,5,9.0,31.833333333333332,91,2459.8333333333335,4459,29518.0,177108,0,5,0,0,0,0,1,22,0.8333333333333334,0.8333333333333334,1,0,0,248,73517,10,17,4,16,5.0,44.2,100.8,4.8,0.0,0.0,24,0,0,0,0,0,41.333333333333336,0.8333333333333334,1.6666666666666667,0.0403225806451612,9.197878417801732,False,False,False,True,False,False,False,False,False,True,False,False,False,True,False,False,False,False,True,False,False,False,True,True,False
A-40a557,16,1,9,8,135.55555555555554,21.555555555555557,55,2591.5555555555557,10945,31098.666666666668,279888,1,9,1,0,1,0,1,323,0.8888888888888888,1.0,1,0,17,402,114217,17,25,3,5,7.0,30.571428571428573,94.71428571428572,3.6666666666666665,0.0,0.0,394,0,0,0,0,0,44.666666666666664,0.7777777777777778,1.8888888888888888,0.0422885572139303,9.767812536120736,True,False,False,False,False,True,False,False,False,False,False,False,False,False,False,False,True,False,False,True,False,True,False,False,True
A-524364,3,0,6,6,0.0,31.5,108,1592.0,8557,19104.0,114624,2,6,0,0,0,0,0,0,1.0,1.0,1,0,0,237,72569,24,18,2,99,3.0,47.666666666666664,75.33333333333333,4.333333333333333,0.0,0.0,0,0,0,0,0,0,39.5,0.5,4.0,0.1012658227848101,8.868713872247199,False,True,False,False,False,False,False,False,True,False,False,False,False,False,False,False,True,False,True,False,False,False,True,False,True
A-798a3f,12,0,9,7,198.55555555555551,19.11111111111111,42,1572.4444444444443,5174,18869.333333333332,169824,2,7,1,0,0,0,2,372,0.7777777777777778,0.7777777777777778,0,0,81,352,105146,19,19,3,30,5.0,33.0,45.2,4.0,0.0,0.0,439,0,0,0,0,0,39.111111111111114,0.5555555555555556,2.111111111111111,0.0539772727272727,9.453425077962034,False,True,False,False,False,False,False,False,True,False,False,False,False,False,False,True,False,False,True,False,False,True,False,False,True
A-6e7827,1,0,9,8,270.22222222222223,15.11111111111111,50,927.1111111111112,2450,11125.333333333334,100128,0,7,3,0,0,0,1,569,0.8888888888888888,0.7777777777777778,1,0,12,419,123307,31,24,3,10,2.0,51.0,83.5,3.5,0.0,0.0,646,0,0,0,0,0,46.55555555555556,0.2222222222222222,3.4444444444444446,0.0739856801909307,9.708646579635404,False,True,False,False,False,False,False,False,False,False,False,True,False,False,False,True,False,True,False,False,False,False,True,True,False
A-8ae3fc,9,0,8,8,96.0,27.625,88,555.875,1666,6670.5,53364,1,8,0,0,0,0,0,167,1.0,1.0,1,0,15,402,130242,30,26,5,7,4.0,39.5,65.5,3.5,0.0,0.0,186,0,0,0,0,0,50.25,0.5,3.75,0.0746268656716417,9.671639099592802,False,True,False,False,False,False,True,False,False,False,False,False,True,False,False,False,False,False,False,True,True,False,False,False,True
A-9123ac,9,0,7,7,230.1428571428571,16.285714285714285,42,2107.285714285714,8358,25287.428571428572,177012,1,7,0,1,0,0,0,433,1.0,1.0,1,0,71,386,120014,24,28,4,12,6.0,38.833333333333336,91.66666666666669,4.2,0.0,0.0,560,0,0,0,0,0,55.142857142857146,0.8571428571428571,3.4285714285714284,0.0621761658031088,9.850553979715,True,False,False,False,False,False,False,True,False,False,False,False,False,False,True,False,False,False,False,True,False,True,False,True,False
A-8ae05d,86,0,7,6,115.28571428571428,86.0,86,3747.142857142858,17114,44965.71428571428,314760,2,5,0,0,0,0,1,213,0.8571428571428571,0.7142857142857143,1,1,18,203,77446,10,16,1,7,1.0,47.0,48.0,4.0,0.0,0.0,269,0,0,0,0,0,29.0,0.1428571428571428,1.4285714285714286,0.0492610837438423,8.869313633466934,False,False,False,True,False,False,False,False,False,True,False,False,False,False,False,True,False,False,True,False,False,True,False,False,True
A-8e47ca,19,0,9,8,215.11111111111111,21.11111111111111,31,3124.4444444444443,6169,37493.333333333336,337440,0,7,1,0,0,0,1,308,0.8888888888888888,0.7777777777777778,1,0,22,441,133497,35,29,2,27,5.0,33.4,80.6,4.0,1.0,0.2,320,0,0,0,0,0,49.0,0.5555555555555556,3.888888888888889,0.0793650793650793,9.856792978025569,False,False,False,False,True,False,False,False,False,False,False,True,False,False,True,False,False,False,False,True,False,True,False,False,True
A-db5e9e,4,0,8,7,21.25,21.5,42,1156.375,3383,13876.5,111012,2,6,0,1,0,1,1,49,0.875,0.75,1,0,3,586,170855,27,29,7,0,2.0,66.0,97.5,5.0,0.0,0.0,52,0,0,0,0,0,73.25,0.25,3.375,0.046075085324232,10.733346774869092,False,True,False,False,False,False,False,False,False,False,False,True,False,False,False,False,True,True,False,False,False,False,True,True,False
A-e98302,16,1,6,5,167.66666666666666,30.5,58,2094.5,6766,25134.0,150804,0,5,0,0,0,0,1,345,0.8333333333333334,0.8333333333333334,1,0,3,273,88751,18,21,3,19,9.0,44.44444444444444,99.44444444444444,4.142857142857143,0.0,0.0,371,0,0,0,0,0,45.5,1.5,3.0,0.0659340659340659,9.035214515790344,False,False,True,False,False,False,False,False,False,False,False,True,True,False,False,False,False,False,True,False,False,False,True,True,False
A-a09355,14,0,16,15,58.25,17.75,33,2133.75,6567,25605.0,409680,1,14,0,1,0,1,1,131,0.9375,0.875,1,0,2,788,217064,47,33,8,0,5.0,32.6,66.6,4.0,0.0,0.0,143,0,0,0,0,0,49.25,0.3125,2.9375,0.0596446700507614,10.820778495208229,False,False,False,True,False,False,False,False,False,False,False,True,False,False,True,False,False,True,False,False,False,False,True,False,True
A-4814a3,87,0,11,10,50.54545454545455,87.0,87,7996.090909090909,17313,95953.09090909093,1055484,2,8,2,1,1,1,1,95,0.9090909090909092,0.7272727272727273,1,0,1,587,168767,45,35,7,8,4.0,18.75,97.0,4.0,1.0,0.25,105,0,0,0,0,0,53.36363636363637,0.3636363636363636,4.090909090909091,0.0766609880749574,10.36103185507086,True,False,False,False,False,False,False,False,False,True,False,False,False,True,False,False,False,True,False,False,False,False,True,False,True
A-ccb686,10,0,12,11,172.41666666666666,22.916666666666668,53,1795.0833333333333,10547,21541.0,258492,2,8,4,1,1,0,1,333,0.9166666666666666,0.6666666666666666,1,0,20,721,203848,46,35,8,3,1.0,67.0,30.0,4.0,0.0,0.0,344,0,0,0,0,0,60.083333333333336,0.0833333333333333,3.8333333333333335,0.0638002773925104,10.82570935705305,False,True,False,False,False,False,False,False,False,False,False,True,False,False,False,True,False,True,False,False,True,False,False,True,False
A-4ae22a,6,0,7,6,92.57142857142856,15.428571428571429,28,1347.428571428571,5572,16169.142857142857,113184,0,6,0,0,0,0,1,160,0.8571428571428571,0.8571428571428571,1,0,8,369,142387,31,24,6,3,3.0,14.333333333333334,72.66666666666667,3.0,0.0,0.0,236,0,0,0,0,0,52.714285714285715,0.4285714285714285,4.428571428571429,0.084010840108401,9.355181772821608,False,False,True,False,False,False,False,False,False,False,False,True,False,False,False,True,False,False,False,True,True,False,False,True,False
A-d62e02,6,0,10,10,50.3,15.6,32,2132.4,5373,25588.8,255888,0,8,1,1,1,0,0,119,1.0,0.8,0,0,1,344,126757,23,25,4,9,1.0,36.0,31.0,4.0,0.0,0.0,133,0,0,0,0,0,34.4,0.1,2.3,0.066860465116279,9.742338629471446,True,False,False,False,False,False,False,False,False,False,False,True,False,False,False,False,True,False,False,True,False,True,False,False,True
A-dfbd31,14,0,14,14,173.07142857142858,25.928571428571427,62,1791.357142857143,12338,21496.285714285714,300948,3,11,1,1,0,1,0,387,1.0,0.7857142857142857,1,0,22,599,182273,19,27,7,17,6.0,29.666666666666668,129.83333333333334,4.25,0.0,0.0,393,0,0,0,0,0,42.785714285714285,0.4285714285714285,1.3571428571428572,0.031719532554257,10.525893645477208,False,True,False,False,False,False,False,False,False,False,True,False,False,False,False,False,True,False,True,False,True,False,False,False,True
A-09540c,67,1,6,5,134.0,67.0,67,3953.0,13333,47436.0,284616,0,5,1,1,0,0,1,264,0.8333333333333334,0.8333333333333334,1,0,9,297,94696,16,20,3,29,2.0,28.0,89.0,4.5,0.0,0.0,428,0,0,0,0,0,49.5,0.3333333333333333,2.6666666666666665,0.0538720538720538,9.513922321535224,True,False,False,False,False,False,True,False,False,False,False,False,False,True,False,False,False,True,False,False,False,False,True,False,True
A-4a4c2d,54,0,13,12,302.2307692307692,54.0,54,2612.769230769231,10746,31353.23076923077,407592,2,10,1,1,0,0,1,546,0.9230769230769232,0.7692307692307693,1,0,20,587,164208,37,28,1,3,5.0,42.0,104.0,4.25,0.0,0.0,609,0,0,0,0,0,45.15384615384615,0.3846153846153846,2.8461538461538463,0.0630323679727427,10.39520709186754,False,True,False,False,False,False,False,False,False,False,False,True,False,True,False,False,False,False,True,False,False,False,True,False,True
A-1e50e0,19,1,5,4,314.8,34.8,98,2659.0,4802,31908.0,159540,1,4,1,0,0,0,1,649,0.8,0.8,1,0,117,194,62650,15,17,2,21,2.0,20.5,143.0,5.0,1.0,0.5,679,0,0,0,0,0,38.8,0.4,3.0,0.0773195876288659,8.676773378315582,True,False,False,False,False,False,False,True,False,False,False,False,False,False,False,True,False,False,False,True,False,True,False,True,False
A-4ef964,17,0,9,8,137.77777777777777,26.444444444444443,70,1586.5555555555557,3430,19038.666666666668,171348,1,6,0,0,0,0,1,274,0.8888888888888888,0.6666666666666666,1,0,46,487,150663,33,31,6,8,3.0,42.666666666666664,86.33333333333333,4.0,0.0,0.0,299,0,0,0,0,0,54.111111111111114,0.3333333333333333,3.6666666666666665,0.0677618069815195,10.233908940411942,False,False,False,False,True,False,False,False,False,False,False,True,False,False,True,False,False,False,False,True,False,False,True,False,True
A-1b7577,4,0,11,9,28.09090909090909,17.545454545454547,81,797.3636363636364,2009,9568.363636363636,105252,1,11,0,1,0,1,2,64,0.8181818181818182,1.0,1,0,1,647,195598,33,33,4,11,5.0,27.2,109.4,4.0,0.0,0.0,65,0,0,0,0,0,58.81818181818182,0.4545454545454545,3.0,0.0510046367851622,10.631591673406264,True,False,False,False,False,False,False,False,False,False,False,True,False,False,False,True,False,False,False,True,False,False,True,False,True
A-5fe118,39,0,5,5,21.8,55.8,123,4458.0,7761,53496.0,267480,1,4,0,0,0,0,0,29,1.0,0.8,1,1,2,233,59902,12,14,5,12,1.0,19.0,26.0,4.0,0.0,0.0,54,0,0,0,0,0,46.6,0.2,2.4,0.0515021459227467,8.855860586846177,True,False,False,False,False,False,False,False,False,False,False,True,False,False,False,True,False,False,True,False,True,False,False,False,True
A-cab532,11,1,15,14,263.1333333333333,24.0,58,1339.2,4975,16070.4,241056,2,14,2,1,1,0,1,620,0.9333333333333332,0.9333333333333332,1,0,15,1005,273639,47,38,7,1,1.0,32.0,175.0,4.0,0.0,0.0,638,0,0,0,0,0,67.0,0.0666666666666666,3.1333333333333333,0.0467661691542288,11.32680148435152,False,True,False,False,False,False,False,False,True,False,False,False,False,False,True,False,False,False,False,True,False,False,True,True,False
A-432483,4,0,9,6,279.8888888888889,21.22222222222222,60,2868.1111111111113,11940,34417.333333333336,309756,1,7,1,0,1,0,3,630,0.6666666666666666,0.7777777777777778,1,0,32,451,151460,28,25,4,19,1.0,51.0,128.0,4.0,0.0,0.0,694,0,0,1,0,0,50.111111111111114,0.1111111111111111,3.111111111111111,0.0620842572062084,10.033579654044892,True,False,False,False,False,False,False,False,False,False,False,True,True,False,False,False,False,False,False,True,False,False,True,True,False
A-812c5b,55,0,13,13,115.07692307692308,62.0,130,2298.769230769231,10945,27585.23076923077,358608,4,12,0,0,0,0,0,272,1.0,0.9230769230769232,1,0,4,866,269595,46,33,11,3,4.0,27.0,88.25,4.0,0.0,0.0,310,0,0,0,0,0,66.61538461538461,0.3076923076923077,3.5384615384615383,0.0531177829099307,10.948887509923974,False,True,False,False,False,False,True,False,False,False,False,False,False,False,True,False,False,True,False,False,False,False,True,False,True
A-eb1312,25,0,12,11,40.416666666666664,30.25,71,1512.25,4975,18147.0,217764,0,10,1,0,1,0,1,104,0.9166666666666666,0.8333333333333334,1,0,3,663,188047,38,31,4,13,1.0,68.0,117.0,5.0,0.0,0.0,106,0,0,0,0,0,55.25,0.0833333333333333,3.1666666666666665,0.057315233785822,10.906608550013717,False,False,False,True,False,False,False,False,False,False,False,True,False,False,False,False,True,False,False,True,True,False,False,True,False
A-2e4581,9,0,10,10,41.7,31.2,102,1260.3,5771,15123.6,151236,2,8,1,0,1,0,0,72,1.0,0.8,1,0,9,535,152339,38,27,4,21,2.0,23.0,91.0,3.0,0.0,0.0,76,0,0,0,0,0,53.5,0.2,3.8,0.0710280373831775,9.961198484330115,False,False,True,False,False,False,False,False,False,False,False,True,False,False,False,False,True,True,False,False,True,False,False,False,True
A-76fa4d,69,0,7,5,26.0,69.0,69,8812.285714285714,13731,105747.42857142857,740232,1,6,0,0,0,0,2,35,0.7142857142857143,0.8571428571428571,1,0,7,357,126251,21,21,4,28,5.0,33.4,111.8,4.5,0.0,0.0,37,0,0,0,0,0,51.0,0.7142857142857143,3.0,0.0588235294117647,9.623886364128763,False,False,False,False,True,False,False,False,False,False,False,True,False,True,False,False,False,False,False,True,False,False,True,False,True
A-7cfe77,69,0,5,5,98.4,69.0,69,2553.0,3381,30636.0,153180,0,5,1,1,0,0,0,154,1.0,1.0,1,0,26,205,57582,11,16,1,0,7.0,30.714285714285715,105.57142857142856,3.5,0.0,0.0,174,0,0,0,0,0,41.0,1.4,2.2,0.0536585365853658,8.41779682991897,False,True,False,False,False,False,False,False,False,False,False,True,True,False,False,False,False,False,False,True,True,False,False,True,False
A-c9bb3e,5,0,10,9,126.8,28.1,123,1521.7,6027,18260.4,182604,1,9,1,0,0,0,1,250,0.9,0.9,1,0,59,474,171153,20,27,2,60,7.0,27.714285714285715,86.14285714285714,4.2,1.0,0.1428571428571428,282,0,0,0,0,0,47.4,0.7,2.0,0.0421940928270042,10.088120278646253,False,False,True,False,False,False,False,False,False,False,False,True,True,False,False,False,False,False,False,True,True,False,False,False,True
A-5a3eb9,18,1,13,12,223.46153846153845,30.53846153846154,69,1561.0,3582,18732.0,243516,0,11,0,2,0,0,1,468,0.9230769230769232,0.8461538461538461,1,0,3,722,216880,34,34,7,20,3.0,24.0,83.0,4.0,0.0,0.0,499,0,0,1,0,0,55.53846153846154,0.2307692307692307,2.6153846153846154,0.0470914127423822,10.84560791224396,False,True,False,False,False,False,True,False,False,False,False,False,False,False,False,True,False,False,True,False,False,False,True,True,False
A-50bb9f,2,0,8,7,79.625,23.375,54,2157.875,6965,25894.5,207156,0,7,2,0,1,0,1,162,0.875,0.875,1,0,4,276,99328,15,18,5,8,7.0,33.285714285714285,74.71428571428571,4.0,0.0,0.0,172,0,0,0,0,0,34.5,0.875,1.875,0.0543478260869565,9.077967354918997,True,False,False,False,False,False,False,False,False,False,False,True,False,False,True,False,False,False,False,True,False,False,True,True,False
A-1d5444,24,0,14,14,185.5,26.428571428571427,41,2211.285714285714,8159,26535.428571428572,371496,2,10,2,0,1,0,0,287,1.0,0.7142857142857143,0,1,35,592,182031,35,28,6,10,2.0,30.0,62.5,4.0,0.0,0.0,348,0,0,0,0,0,42.285714285714285,0.1428571428571428,2.5,0.0591216216216216,10.421167835161803,True,False,False,False,False,False,False,False,False,False,False,True,False,False,False,False,True,True,False,False,True,False,False,True,False
A-f45426,9,0,11,9,65.9090909090909,19.818181818181817,57,1571.7272727272727,9154,18860.727272727272,207468,3,8,0,3,0,2,2,148,0.8181818181818182,0.7272727272727273,0,0,2,624,191651,49,33,5,5,3.0,17.0,69.0,4.0,0.0,0.0,148,0,0,0,0,0,56.72727272727273,0.2727272727272727,4.454545454545454,0.078525641025641,10.50330215104254,False,False,False,False,True,False,False,False,False,False,False,True,False,False,True,False,False,True,False,False,False,False,True,False,True
A-3b5cd1,13,1,13,13,283.0,20.923076923076923,55,1821.2307692307693,6368,21854.76923076923,284112,2,9,2,1,0,0,0,458,1.0,0.6923076923076923,1,0,7,523,177958,24,27,5,10,5.0,27.4,46.6,4.0,0.0,0.0,476,0,0,0,0,0,40.23076923076923,0.3846153846153846,1.8461538461538465,0.0458891013384321,10.26809684165024,False,False,False,True,False,False,False,False,False,False,False,True,False,True,False,False,False,True,False,False,False,True,False,True,False
A-40de06,28,0,16,14,288.4375,32.5625,62,1803.875,5572,21646.5,346344,2,13,2,1,0,1,2,577,0.875,0.8125,1,0,44,902,267400,43,37,14,14,3.0,40.333333333333336,67.66666666666667,4.0,0.0,0.0,603,0,0,0,0,0,56.375,0.1875,2.6875,0.0476718403547671,11.158074511369534,True,False,False,False,False,False,False,False,False,False,False,True,False,True,False,False,False,False,True,False,True,False,False,True,False
A-3a7284,31,0,12,9,15.5,36.0,73,2959.9166666666665,7761,35519.0,426228,1,11,1,2,1,2,3,33,0.75,0.9166666666666666,1,0,3,609,191562,30,33,9,9,3.0,56.333333333333336,104.33333333333331,3.5,0.0,0.0,44,0,0,0,0,0,50.75,0.25,2.5,0.0492610837438423,10.506014063064308,False,False,False,True,False,False,False,False,False,False,False,True,False,False,True,False,False,False,True,False,False,False,True,True,False
A-425e76,8,0,11,10,300.3636363636364,24.454545454545453,71,1555.5454545454545,6368,18666.545454545456,205332,0,10,1,0,0,0,1,559,0.9090909090909092,0.9090909090909092,1,0,140,438,136419,24,29,5,10,5.0,48.2,119.2,3.3333333333333335,1.0,0.2,594,0,0,0,0,0,39.81818181818182,0.4545454545454545,2.1818181818181817,0.0547945205479452,9.831421161694571,False,True,False,False,False,False,False,False,False,False,True,False,False,False,False,True,False,False,True,False,False,True,False,True,False
A-297a2d,27,0,5,5,295.0,28.8,36,2874.6,7164,34495.2,172476,1,4,3,0,0,0,0,504,1.0,0.8,1,0,56,244,70412,22,23,6,47,2.0,32.5,84.5,3.0,0.0,0.0,606,0,0,0,0,0,48.8,0.4,4.4,0.0901639344262295,8.878492368761526,False,False,False,False,True,False,False,False,False,False,True,False,False,True,False,False,False,False,False,True,False,True,False,True,False
A-cb5333,33,0,16,15,147.0625,35.0625,51,1641.0,6567,19692.0,315072,3,12,0,1,0,0,1,274,0.9375,0.75,1,0,16,796,263767,34,36,8,10,4.0,30.75,85.75,3.0,0.0,0.0,280,0,0,0,0,0,49.75,0.25,2.125,0.0427135678391959,10.76570475223846,False,True,False,False,False,False,False,False,False,False,False,True,True,False,False,False,False,False,False,True,False,False,True,False,True
A-f6b2fb,23,0,10,8,140.0,25.7,49,2335.9,9751,28030.8,280308,2,8,1,1,0,0,2,222,0.8,0.8,0,0,43,524,158412,37,29,8,7,5.0,55.0,88.6,4.0,1.0,0.2,252,0,0,0,0,0,52.4,0.5,3.7,0.0706106870229007,10.086542209139276,False,True,False,False,False,True,False,False,False,False,False,False,False,True,False,False,False,True,False,False,True,False,False,False,True
A-5a92e7,4,0,19,17,97.05263157894736,16.210526315789473,43,666.8947368421053,2107,8002.736842105263,152052,4,15,0,0,0,0,2,201,0.8947368421052632,0.7894736842105263,1,1,14,885,276337,76,37,8,7,7.0,45.0,86.14285714285714,4.4,0.0,0.0,203,0,0,0,0,0,46.578947368421055,0.3684210526315789,4.0,0.0858757062146892,11.002819316100124,False,False,False,False,True,False,False,False,False,False,False,True,True,False,False,False,False,False,False,True,False,False,True,False,True
A-82d8a6,5,0,17,13,10.705882352941176,23.352941176470587,68,1645.0588235294117,13532,19740.70588235294,335592,4,15,5,2,5,2,4,28,0.7647058823529411,0.8823529411764706,1,0,0,661,198538,38,32,9,14,5.0,42.2,112.0,3.5,0.0,0.0,33,0,0,0,0,0,38.88235294117647,0.2941176470588235,2.235294117647059,0.0574886535552193,10.505800437862684,True,False,False,False,False,False,False,False,False,False,True,False,True,False,False,False,False,True,False,False,False,False,True,True,False
A-098560,1,0,11,10,189.36363636363637,19.727272727272727,40,1120.5454545454545,5771,13446.545454545454,147912,1,8,1,0,0,0,1,387,0.9090909090909092,0.7272727272727273,1,0,44,567,174302,32,32,8,9,2.0,28.0,100.0,3.0,1.0,0.5,437,0,0,0,0,0,51.54545454545455,0.1818181818181818,2.909090909090909,0.0564373897707231,10.010987485879472,False,True,False,False,False,False,False,False,False,False,True,False,True,False,False,False,False,False,True,False,False,True,False,False,True
A-a1bbb6,1,0,8,7,400.875,14.125,28,1800.25,5572,21603.0,172824,1,5,0,0,0,0,1,624,0.875,0.625,1,1,88,366,118465,20,23,7,1,3.0,17.666666666666668,120.66666666666669,4.0,0.0,0.0,636,0,0,0,0,0,45.75,0.375,2.5,0.0546448087431694,9.716441634686667,False,True,False,False,False,False,True,False,False,False,False,False,False,False,True,False,False,True,False,False,False,False,True,True,False
A-df10db,2,1,11,10,294.1818181818182,17.09090909090909,68,1066.3636363636365,6567,12796.363636363636,140760,1,9,2,0,0,0,1,480,0.9090909090909092,0.8181818181818182,1,0,71,697,214976,40,31,2,7,2.0,68.5,86.5,3.0,1.0,0.5,574,0,0,0,0,0,63.36363636363637,0.1818181818181818,3.636363636363636,0.0573888091822094,10.181556414196509,False,True,False,False,False,False,False,False,False,False,False,True,False,False,False,True,False,False,True,False,False,True,False,False,True
